<?xml version = '1.0' encoding = 'UTF-8'?>
<Relation class="oracle.dbtools.crest.model.design.logical.Relation" name="Lesson Sport FK" directorySegmentName="seg_0" id="8430CD9E-9779-41A8-F355-3CD438178975">
<createdBy>SD Student</createdBy>
<createdTime>2022-12-13 11:01:02 UTC</createdTime>
<ownerDesignName>erd</ownerDesignName>
<engineerTo>
<item key="7770CD89-AA2A-1AFA-44C7-63CA94B91628" value="true"/>
</engineerTo>
<sourcePk>7AB318A6-0A10-139C-FEC2-D1B64D223B35</sourcePk>
<identifying>false</identifying>
<optionalSource>true</optionalSource>
<optionalTarget>false</optionalTarget>
<sourceCardinality>1</sourceCardinality>
<sourceEntity>2232E496-8A1F-8489-4B25-21E27978B719</sourceEntity>
<targetCardinalityString>*</targetCardinalityString>
<targetEntity>DE816E3A-E731-7C50-57E5-BB7E8226EB6D</targetEntity>
<transferable>true</transferable>
<deleteRule>NO ACTION</deleteRule>
</Relation>
