<?xml version = '1.0' encoding = 'UTF-8'?>
<FKIndexAssociation class="oracle.dbtools.crest.model.design.relational.FKIndexAssociation" directorySegmentName="seg_0" id="717E69AA-4CB0-C4A4-C978-56A20F0E8174" containerWithKeyObject="837D41A5-D840-0660-9123-4336A7144FF0" localFKIndex="5B8448A4-CBBD-1776-8153-CDAEC7C7E99A" name="User_User_lesson_FK">
<createdBy>SD Student</createdBy>
<createdTime>2023-01-09 09:21:32 UTC</createdTime>
<generatorID>79200200-F0FB-6D2A-794A-2D8CAEB30F48</generatorID>
<ownerDesignName>erd</ownerDesignName>
<referredTableLongName>User_lesson</referredTableLongName>
<deleteRule>NO ACTION</deleteRule>
<referredTableID>5172A446-65A0-1120-F4DD-24B0E379D188</referredTableID>
<keyObject>463CE45A-C623-DB54-9306-C6DD1ACEACFE</keyObject>
<referredKeyID>463CE45A-C623-DB54-9306-C6DD1ACEACFE</referredKeyID>
<mandatory>true</mandatory>
<refColNames>User_lesson_ID</refColNames>
<transferable>true</transferable>
<rely>false</rely>
<columnDependencyConstraintGenerateInDDL>true</columnDependencyConstraintGenerateInDDL>
</FKIndexAssociation>
