<?xml version = '1.0' encoding = 'UTF-8'?>
<relationalModel class="oracle.dbtools.crest.model.design.relational.RelationalDesign" name="Relational_1" id="7770CD89-AA2A-1AFA-44C7-63CA94B91628" mainViewID="62AA8364-0C89-4455-FF24-9C163567AE76">
<createdBy>SD Student</createdBy>
<createdTime>2022-12-13 10:32:51 UTC</createdTime>
<ownerDesignName>erd</ownerDesignName>
<shouldBeOpen>false</shouldBeOpen>
<selectedRDBMSSite>32076570-2523-435C-2E92-BF29817DFF70</selectedRDBMSSite>
</relationalModel>