<?xml version = '1.0' encoding = 'UTF-8'?>
<Table class="oracle.dbtools.crest.model.design.relational.Table" directorySegmentName="seg_0" id="5172A446-65A0-1120-F4DD-24B0E379D188" name="User_lesson">
<createdBy>SD Student</createdBy>
<createdTime>2023-01-09 09:21:31 UTC</createdTime>
<generatorID>D319C32B-C7DA-1820-9B3A-9878E3305ED7</generatorID>
<ownerDesignName>erd</ownerDesignName>
<allowColumnReorder>false</allowColumnReorder>
<existDependencyGenerateInDDl>true</existDependencyGenerateInDDl>
<parsed>true</parsed>
<columns itemClass="oracle.dbtools.crest.model.design.relational.Column">
<Column name="Lesson_id" id="49D1CC0B-86F8-4E59-AB46-B5F5AF76B63A">
<createdBy>SD Student</createdBy>
<createdTime>2023-01-09 09:21:31 UTC</createdTime>
<generatorID>8536ED65-A59B-70EA-3D96-F90748A4096F</generatorID>
<ownerDesignName>erd</ownerDesignName>
<useDomainConstraints>false</useDomainConstraints>
<use>1</use>
<logicalDatatype>LOGDT011</logicalDatatype>
<ownDataTypeParameters>,,</ownDataTypeParameters>
<previousColumn>false</previousColumn>
<autoIncrementCycle>false</autoIncrementCycle>
<associations>
<colAssociation fkAssociation="3E729CD7-9103-77A5-704F-560142AD30C5" referredColumn="90D529C4-C00A-5747-C06A-943F0F072859"/>
</associations>
</Column>
<Column name="User_id" id="CF36D022-FEA0-48FF-4841-00C950B59C2E">
<createdBy>SD Student</createdBy>
<createdTime>2023-01-09 09:21:31 UTC</createdTime>
<generatorID>593D3501-0DBC-AA3A-8A0F-E6E9D0418405</generatorID>
<ownerDesignName>erd</ownerDesignName>
<useDomainConstraints>false</useDomainConstraints>
<use>1</use>
<logicalDatatype>LOGDT011</logicalDatatype>
<ownDataTypeParameters>,,</ownDataTypeParameters>
<autoIncrementCycle>false</autoIncrementCycle>
</Column>
<Column name="User_lesson_ID" id="E6E42ACD-6A40-8B3B-24C9-A147B3383641">
<createdBy>SD Student</createdBy>
<createdTime>2023-01-09 09:21:32 UTC</createdTime>
<ownerDesignName>erd</ownerDesignName>
<useDomainConstraints>false</useDomainConstraints>
<use>1</use>
<logicalDatatype>LOGDT019</logicalDatatype>
<ownDataTypeParameters>,,</ownDataTypeParameters>
<autoIncrementColumn>true</autoIncrementColumn>
<identityColumn>true</identityColumn>
<autoIncrementCycle>false</autoIncrementCycle>
<isSurrogateColumn>true</isSurrogateColumn>
</Column>
<Column name="User_User_ID" id="39155E7F-40F0-6A48-E778-056E8A47FE60">
<createdBy>SD Student</createdBy>
<createdTime>2023-01-09 09:21:32 UTC</createdTime>
<ownerDesignName>erd</ownerDesignName>
<useDomainConstraints>false</useDomainConstraints>
<use>1</use>
<logicalDatatype>LOGDT019</logicalDatatype>
<ownDataTypeParameters>,,</ownDataTypeParameters>
<previousColumn>false</previousColumn>
<autoIncrementCycle>false</autoIncrementCycle>
<associations>
<colAssociation fkAssociation="D40C67AE-5CA1-3589-139A-E1B3F46F93DB" referredColumn="3E0FDA0B-A581-520A-927E-3A34530A2D41"/>
</associations>
</Column>
</columns>
<indexes itemClass="oracle.dbtools.crest.model.design.relational.Index">
<ind_PK_UK id="463CE45A-C623-DB54-9306-C6DD1ACEACFE" name="User_lesson_PK">
<createdBy>SD Student</createdBy>
<createdTime>2023-01-09 09:21:32 UTC</createdTime>
<ownerDesignName>erd</ownerDesignName>
<pk>true</pk>
<indexState>Primary Constraint</indexState>
<indexColumnUsage>
<colUsage columnID="E6E42ACD-6A40-8B3B-24C9-A147B3383641"/>
</indexColumnUsage>
</ind_PK_UK>
<ind_PK_UK id="A8E0F915-88BB-DC4D-A0D8-1B6AE025FAF2" name="User_lesson__IDX">
<createdBy>SD Student</createdBy>
<createdTime>2023-01-09 09:21:32 UTC</createdTime>
<ownerDesignName>erd</ownerDesignName>
<indexState>Unique Plain Index</indexState>
<isSurrogateKey>false</isSurrogateKey>
<relationGeneratorID>79200200-F0FB-6D2A-794A-2D8CAEB30F48</relationGeneratorID>
<indexColumnUsage>
<colUsage columnID="39155E7F-40F0-6A48-E778-056E8A47FE60"/>
</indexColumnUsage>
</ind_PK_UK>
<ind_PK_UK id="E313B080-363C-5613-04B6-6C63E05FDA0C" name="User_lesson_Lesson_FK">
<createdBy>SD Student</createdBy>
<createdTime>2023-01-09 09:21:31 UTC</createdTime>
<generatorID>B999DB6B-EB58-8A7D-E8D9-5968195B606E</generatorID>
<ownerDesignName>erd</ownerDesignName>
<indexState>Foreign Key</indexState>
<isSurrogateKey>false</isSurrogateKey>
<indexColumnUsage>
<colUsage columnID="49D1CC0B-86F8-4E59-AB46-B5F5AF76B63A"/>
</indexColumnUsage>
</ind_PK_UK>
<ind_PK_UK id="8677F439-1A8C-7E5B-6AEE-213591CA2D16" name="User_lesson_User_FK">
<createdBy>SD Student</createdBy>
<createdTime>2023-01-09 09:21:32 UTC</createdTime>
<generatorID>79200200-F0FB-6D2A-794A-2D8CAEB30F48</generatorID>
<ownerDesignName>erd</ownerDesignName>
<indexState>Foreign Key</indexState>
<isSurrogateKey>false</isSurrogateKey>
<indexColumnUsage>
<colUsage columnID="39155E7F-40F0-6A48-E778-056E8A47FE60"/>
</indexColumnUsage>
</ind_PK_UK>
</indexes>
</Table>
