<?xml version = '1.0' encoding = 'UTF-8'?>
<Table class="oracle.dbtools.crest.model.design.relational.Table" directorySegmentName="seg_0" id="837D41A5-D840-0660-9123-4336A7144FF0" name="User">
<createdBy>SD Student</createdBy>
<createdTime>2023-01-09 09:21:31 UTC</createdTime>
<generatorID>E70E7C91-21C2-C50C-A3AE-BC4B8EFD9DBE</generatorID>
<ownerDesignName>erd</ownerDesignName>
<allowColumnReorder>false</allowColumnReorder>
<existDependencyGenerateInDDl>true</existDependencyGenerateInDDl>
<parsed>true</parsed>
<columns itemClass="oracle.dbtools.crest.model.design.relational.Column">
<Column name="id" id="4D9EA2F3-0CBD-57FE-95C6-DF310BE41835">
<createdBy>SD Student</createdBy>
<createdTime>2023-01-09 09:21:31 UTC</createdTime>
<generatorID>44667AE5-2F76-B379-A8F6-58B6905787EA</generatorID>
<ownerDesignName>erd</ownerDesignName>
<useDomainConstraints>false</useDomainConstraints>
<use>1</use>
<logicalDatatype>LOGDT011</logicalDatatype>
<ownDataTypeParameters>,,</ownDataTypeParameters>
<autoIncrementCycle>false</autoIncrementCycle>
</Column>
<Column name="email" id="7F13C9D7-CFD0-CAA4-E51B-EBC7F1CFB529">
<createdBy>SD Student</createdBy>
<createdTime>2023-01-09 09:21:31 UTC</createdTime>
<generatorID>C4936394-C7C5-8AE1-B479-DE01B3F8458A</generatorID>
<ownerDesignName>erd</ownerDesignName>
<useDomainConstraints>false</useDomainConstraints>
<use>1</use>
<logicalDatatype>LOGDT024</logicalDatatype>
<dataTypeSize>255 CHAR</dataTypeSize>
<ownDataTypeParameters>255 CHAR,,</ownDataTypeParameters>
<autoIncrementCycle>false</autoIncrementCycle>
</Column>
<Column name="firstname" id="D09E16A2-C0C8-E28A-900C-37C7B4BB2659">
<createdBy>SD Student</createdBy>
<createdTime>2023-01-09 09:21:31 UTC</createdTime>
<generatorID>086DD73B-FD01-ED6C-EAD7-B586F1C05182</generatorID>
<ownerDesignName>erd</ownerDesignName>
<useDomainConstraints>false</useDomainConstraints>
<use>1</use>
<logicalDatatype>LOGDT024</logicalDatatype>
<dataTypeSize>255 CHAR</dataTypeSize>
<ownDataTypeParameters>255 CHAR,,</ownDataTypeParameters>
<autoIncrementCycle>false</autoIncrementCycle>
</Column>
<Column name="insertion" id="44DA22A1-ACC5-A86F-89E8-F75737A3D471">
<createdBy>SD Student</createdBy>
<createdTime>2023-01-09 09:21:31 UTC</createdTime>
<generatorID>7B56366B-DA6E-4EF0-1A58-33DBB9EC7E50</generatorID>
<ownerDesignName>erd</ownerDesignName>
<useDomainConstraints>false</useDomainConstraints>
<use>1</use>
<logicalDatatype>LOGDT024</logicalDatatype>
<dataTypeSize>255 CHAR</dataTypeSize>
<ownDataTypeParameters>255 CHAR,,</ownDataTypeParameters>
<autoIncrementCycle>false</autoIncrementCycle>
</Column>
<Column name="lastname" id="40ED8FEE-05A2-4BBE-C7A2-68278CC95BC4">
<createdBy>SD Student</createdBy>
<createdTime>2023-01-09 09:21:31 UTC</createdTime>
<generatorID>EB98B5D6-B2EB-8085-5FE2-D1A0C79EDBB0</generatorID>
<ownerDesignName>erd</ownerDesignName>
<useDomainConstraints>false</useDomainConstraints>
<use>1</use>
<logicalDatatype>LOGDT024</logicalDatatype>
<dataTypeSize>255 CHAR</dataTypeSize>
<ownDataTypeParameters>255 CHAR,,</ownDataTypeParameters>
<autoIncrementCycle>false</autoIncrementCycle>
</Column>
<Column name="birthdate" id="5BB50D42-C1A9-B5BC-CE62-D4093CBD35D0">
<createdBy>SD Student</createdBy>
<createdTime>2023-01-09 09:21:31 UTC</createdTime>
<generatorID>EA6E8C77-F7E6-5F8E-955F-5EB80C163D80</generatorID>
<ownerDesignName>erd</ownerDesignName>
<useDomainConstraints>false</useDomainConstraints>
<use>1</use>
<logicalDatatype>LOGDT007</logicalDatatype>
<ownDataTypeParameters>,,</ownDataTypeParameters>
<autoIncrementCycle>false</autoIncrementCycle>
</Column>
<Column name="username" id="44512D78-D585-B796-747E-E311B47B1DFB">
<createdBy>SD Student</createdBy>
<createdTime>2023-01-09 09:21:31 UTC</createdTime>
<generatorID>63978D28-AA8A-260E-6347-DF2FA9772C20</generatorID>
<ownerDesignName>erd</ownerDesignName>
<useDomainConstraints>false</useDomainConstraints>
<use>1</use>
<logicalDatatype>LOGDT024</logicalDatatype>
<dataTypeSize>255 CHAR</dataTypeSize>
<ownDataTypeParameters>255 CHAR,,</ownDataTypeParameters>
<autoIncrementCycle>false</autoIncrementCycle>
</Column>
<Column name="password" id="6D7D7BF2-26C2-93E7-9EB3-CF632607AAA1">
<createdBy>SD Student</createdBy>
<createdTime>2023-01-09 09:21:31 UTC</createdTime>
<generatorID>524B85DD-663D-E852-2131-3021F609FF77</generatorID>
<ownerDesignName>erd</ownerDesignName>
<useDomainConstraints>false</useDomainConstraints>
<use>1</use>
<logicalDatatype>LOGDT024</logicalDatatype>
<dataTypeSize>255 CHAR</dataTypeSize>
<ownDataTypeParameters>255 CHAR,,</ownDataTypeParameters>
<autoIncrementCycle>false</autoIncrementCycle>
</Column>
<Column name="role" id="4A415810-43E4-E002-50F3-ECEE5EC8C2CE">
<createdBy>SD Student</createdBy>
<createdTime>2023-01-09 09:21:31 UTC</createdTime>
<generatorID>6C9CA43B-8CEC-72F4-5691-20BB77DA1CFA</generatorID>
<ownerDesignName>erd</ownerDesignName>
<useDomainConstraints>false</useDomainConstraints>
<use>1</use>
<logicalDatatype>47823B89-BECE-2D4A-B641-EE3BE6149078</logicalDatatype>
<ownDataTypeParameters>,,</ownDataTypeParameters>
<autoIncrementCycle>false</autoIncrementCycle>
</Column>
<Column name="gender" id="9CCE0932-FA1F-C73F-4ADC-4E2F6D162F71">
<createdBy>SD Student</createdBy>
<createdTime>2023-01-09 09:21:31 UTC</createdTime>
<generatorID>DCCA67C6-0518-CCEC-158C-2D0E1518E44F</generatorID>
<ownerDesignName>erd</ownerDesignName>
<useDomainConstraints>false</useDomainConstraints>
<use>1</use>
<logicalDatatype>LOGDT006</logicalDatatype>
<dataTypeSize>1</dataTypeSize>
<ownDataTypeParameters>1,,</ownDataTypeParameters>
<autoIncrementCycle>false</autoIncrementCycle>
</Column>
<Column name="street" id="E78D40E6-70FA-C30E-04D7-6DBDB17AF0C8">
<createdBy>SD Student</createdBy>
<createdTime>2023-01-09 09:21:31 UTC</createdTime>
<generatorID>4B8CE102-894D-7CA6-9887-9F54DD44E11B</generatorID>
<ownerDesignName>erd</ownerDesignName>
<useDomainConstraints>false</useDomainConstraints>
<use>1</use>
<logicalDatatype>LOGDT024</logicalDatatype>
<dataTypeSize>255 CHAR</dataTypeSize>
<ownDataTypeParameters>255 CHAR,,</ownDataTypeParameters>
<autoIncrementCycle>false</autoIncrementCycle>
</Column>
<Column name="streetnumber" id="E0B7C0AF-D99B-C9FD-B951-6DF576F9C2D2">
<createdBy>SD Student</createdBy>
<createdTime>2023-01-09 09:21:31 UTC</createdTime>
<generatorID>B1CB76E1-2BAE-720D-11A5-690683B9799B</generatorID>
<ownerDesignName>erd</ownerDesignName>
<useDomainConstraints>false</useDomainConstraints>
<use>1</use>
<logicalDatatype>LOGDT011</logicalDatatype>
<ownDataTypeParameters>,,</ownDataTypeParameters>
<autoIncrementCycle>false</autoIncrementCycle>
</Column>
<Column name="postcode" id="FF8A9DB6-42EE-7217-85C8-590C951EF2B6">
<createdBy>SD Student</createdBy>
<createdTime>2023-01-09 09:21:31 UTC</createdTime>
<generatorID>EB1271A3-EDA0-634C-6823-064E5DFC5979</generatorID>
<ownerDesignName>erd</ownerDesignName>
<useDomainConstraints>false</useDomainConstraints>
<use>1</use>
<logicalDatatype>LOGDT024</logicalDatatype>
<dataTypeSize>255 CHAR</dataTypeSize>
<ownDataTypeParameters>255 CHAR,,</ownDataTypeParameters>
<autoIncrementCycle>false</autoIncrementCycle>
</Column>
<Column name="city" id="6F910973-5707-D6C3-48A7-2B79FDFAD8A9">
<createdBy>SD Student</createdBy>
<createdTime>2023-01-09 09:21:31 UTC</createdTime>
<generatorID>F5D5EB06-5CE7-8A93-2BAA-8A4744453B50</generatorID>
<ownerDesignName>erd</ownerDesignName>
<useDomainConstraints>false</useDomainConstraints>
<use>1</use>
<logicalDatatype>LOGDT024</logicalDatatype>
<dataTypeSize>255 CHAR</dataTypeSize>
<ownDataTypeParameters>255 CHAR,,</ownDataTypeParameters>
<autoIncrementCycle>false</autoIncrementCycle>
</Column>
<Column name="User_ID" id="3E0FDA0B-A581-520A-927E-3A34530A2D41">
<createdBy>SD Student</createdBy>
<createdTime>2023-01-09 09:21:32 UTC</createdTime>
<ownerDesignName>erd</ownerDesignName>
<useDomainConstraints>false</useDomainConstraints>
<use>1</use>
<logicalDatatype>LOGDT019</logicalDatatype>
<ownDataTypeParameters>,,</ownDataTypeParameters>
<autoIncrementColumn>true</autoIncrementColumn>
<identityColumn>true</identityColumn>
<autoIncrementCycle>false</autoIncrementCycle>
<isSurrogateColumn>true</isSurrogateColumn>
</Column>
<Column name="User_lesson_User_lesson_ID" id="CDEA2B03-0607-C8E7-51FC-7100D972815F">
<createdBy>SD Student</createdBy>
<createdTime>2023-01-09 09:21:32 UTC</createdTime>
<ownerDesignName>erd</ownerDesignName>
<useDomainConstraints>false</useDomainConstraints>
<use>1</use>
<logicalDatatype>LOGDT019</logicalDatatype>
<ownDataTypeParameters>,,</ownDataTypeParameters>
<previousColumn>false</previousColumn>
<autoIncrementCycle>false</autoIncrementCycle>
<associations>
<colAssociation fkAssociation="717E69AA-4CB0-C4A4-C978-56A20F0E8174" referredColumn="E6E42ACD-6A40-8B3B-24C9-A147B3383641"/>
</associations>
</Column>
</columns>
<indexes itemClass="oracle.dbtools.crest.model.design.relational.Index">
<ind_PK_UK id="95D7A192-01F7-8588-56CB-28BBF7B39BD2" name="User_PK">
<createdBy>SD Student</createdBy>
<createdTime>2023-01-09 09:21:32 UTC</createdTime>
<ownerDesignName>erd</ownerDesignName>
<pk>true</pk>
<indexState>Primary Constraint</indexState>
<indexColumnUsage>
<colUsage columnID="3E0FDA0B-A581-520A-927E-3A34530A2D41"/>
</indexColumnUsage>
</ind_PK_UK>
<ind_PK_UK id="3F59CF90-9001-0C99-965E-1A626C58E454" name="User_id_UN">
<createdBy>SD Student</createdBy>
<createdTime>2023-01-09 09:21:31 UTC</createdTime>
<generatorID>93D34DED-086E-57EE-A021-B6B2FD7CCF2E</generatorID>
<ownerDesignName>erd</ownerDesignName>
<indexState>Unique Constraint</indexState>
<isSurrogateKey>false</isSurrogateKey>
<indexColumnUsage>
<colUsage columnID="4D9EA2F3-0CBD-57FE-95C6-DF310BE41835"/>
</indexColumnUsage>
</ind_PK_UK>
<ind_PK_UK id="0F8E8B2C-2FE9-4609-3E6B-BD8337FC3B01" name="User__IDX">
<createdBy>SD Student</createdBy>
<createdTime>2023-01-09 09:21:32 UTC</createdTime>
<ownerDesignName>erd</ownerDesignName>
<indexState>Unique Plain Index</indexState>
<isSurrogateKey>false</isSurrogateKey>
<relationGeneratorID>79200200-F0FB-6D2A-794A-2D8CAEB30F48</relationGeneratorID>
<indexColumnUsage>
<colUsage columnID="CDEA2B03-0607-C8E7-51FC-7100D972815F"/>
</indexColumnUsage>
</ind_PK_UK>
<ind_PK_UK id="5B8448A4-CBBD-1776-8153-CDAEC7C7E99A" name="User_User_lesson_FK">
<createdBy>SD Student</createdBy>
<createdTime>2023-01-09 09:21:32 UTC</createdTime>
<generatorID>79200200-F0FB-6D2A-794A-2D8CAEB30F48</generatorID>
<ownerDesignName>erd</ownerDesignName>
<indexState>Foreign Key</indexState>
<isSurrogateKey>false</isSurrogateKey>
<indexColumnUsage>
<colUsage columnID="CDEA2B03-0607-C8E7-51FC-7100D972815F"/>
</indexColumnUsage>
</ind_PK_UK>
</indexes>
</Table>
