<?xml version = '1.0' encoding = 'UTF-8'?>
<Table class="oracle.dbtools.crest.model.design.relational.Table" directorySegmentName="seg_0" id="C231E80F-1634-A4A7-6D88-82A22D5AF790" name="Lesson">
<createdBy>SD Student</createdBy>
<createdTime>2023-01-09 09:21:31 UTC</createdTime>
<generatorID>DE816E3A-E731-7C50-57E5-BB7E8226EB6D</generatorID>
<ownerDesignName>erd</ownerDesignName>
<allowColumnReorder>false</allowColumnReorder>
<existDependencyGenerateInDDl>true</existDependencyGenerateInDDl>
<parsed>true</parsed>
<columns itemClass="oracle.dbtools.crest.model.design.relational.Column">
<Column name="id" id="90D529C4-C00A-5747-C06A-943F0F072859">
<createdBy>SD Student</createdBy>
<createdTime>2023-01-09 09:21:31 UTC</createdTime>
<generatorID>6D0F1028-8DB3-CB48-22EC-E599DF201504</generatorID>
<ownerDesignName>erd</ownerDesignName>
<useDomainConstraints>false</useDomainConstraints>
<use>1</use>
<logicalDatatype>LOGDT011</logicalDatatype>
<ownDataTypeParameters>,,</ownDataTypeParameters>
<autoIncrementCycle>false</autoIncrementCycle>
</Column>
<Column name="time" id="EED97365-68F1-69D0-5FF2-DE78658ABF23">
<createdBy>SD Student</createdBy>
<createdTime>2023-01-09 09:21:31 UTC</createdTime>
<generatorID>1EE03BB8-E353-9BAD-0ADE-92D24538A4CB</generatorID>
<ownerDesignName>erd</ownerDesignName>
<useDomainConstraints>false</useDomainConstraints>
<use>1</use>
<logicalDatatype>LOGDT008</logicalDatatype>
<ownDataTypeParameters>,,</ownDataTypeParameters>
<autoIncrementCycle>false</autoIncrementCycle>
</Column>
<Column name="Sport_id" id="EEE3FE2D-5D41-E8AE-1FC0-33470EBDA5E0">
<createdBy>SD Student</createdBy>
<createdTime>2023-01-09 09:21:31 UTC</createdTime>
<generatorID>D1AB6758-EDF2-BD70-DFE3-80A82082ED6A</generatorID>
<ownerDesignName>erd</ownerDesignName>
<useDomainConstraints>false</useDomainConstraints>
<use>1</use>
<logicalDatatype>LOGDT011</logicalDatatype>
<ownDataTypeParameters>,,</ownDataTypeParameters>
<previousColumn>false</previousColumn>
<autoIncrementCycle>false</autoIncrementCycle>
<associations>
<colAssociation fkAssociation="F46EC33B-3231-0AF5-D752-E85894217720" referredColumn="E4093AF2-96D2-BE5C-B658-ECF15ED9A884"/>
</associations>
</Column>
<Column name="user_id" id="D0C8AFC7-FCE2-489B-8309-B38FC5048F96">
<createdBy>SD Student</createdBy>
<createdTime>2023-01-09 09:21:31 UTC</createdTime>
<generatorID>968A4192-F5E6-36A9-CAA6-A89E22B1BA73</generatorID>
<ownerDesignName>erd</ownerDesignName>
<useDomainConstraints>false</useDomainConstraints>
<use>1</use>
<logicalDatatype>LOGDT011</logicalDatatype>
<ownDataTypeParameters>,,</ownDataTypeParameters>
<autoIncrementCycle>false</autoIncrementCycle>
</Column>
</columns>
<indexes itemClass="oracle.dbtools.crest.model.design.relational.Index">
<ind_PK_UK id="D5E6E73E-B956-F159-B691-42AC664260B8" name="Lesson_PK">
<createdBy>SD Student</createdBy>
<createdTime>2023-01-09 09:21:31 UTC</createdTime>
<generatorID>E9EAC528-5C69-C5AF-1293-B0701B4BC86B</generatorID>
<ownerDesignName>erd</ownerDesignName>
<pk>true</pk>
<indexState>Primary Constraint</indexState>
<isSurrogateKey>false</isSurrogateKey>
<indexColumnUsage>
<colUsage columnID="90D529C4-C00A-5747-C06A-943F0F072859"/>
</indexColumnUsage>
</ind_PK_UK>
<ind_PK_UK id="90C8C87C-7CD8-CB0A-A338-4FF000A52E82" name="Lesson_Sport_FK">
<createdBy>SD Student</createdBy>
<createdTime>2023-01-09 09:21:31 UTC</createdTime>
<generatorID>8430CD9E-9779-41A8-F355-3CD438178975</generatorID>
<ownerDesignName>erd</ownerDesignName>
<indexState>Foreign Key</indexState>
<isSurrogateKey>false</isSurrogateKey>
<indexColumnUsage>
<colUsage columnID="EEE3FE2D-5D41-E8AE-1FC0-33470EBDA5E0"/>
</indexColumnUsage>
</ind_PK_UK>
</indexes>
</Table>
