<?xml version = '1.0' encoding = 'UTF-8'?>
<Entity class="oracle.dbtools.crest.model.design.logical.Entity" directorySegmentName="seg_0" id="2232E496-8A1F-8489-4B25-21E27978B719" name="Sport">
<createdBy>SD Student</createdBy>
<createdTime>2022-12-13 10:46:30 UTC</createdTime>
<ownerDesignName>erd</ownerDesignName>
<engineerTo>
<item key="7770CD89-AA2A-1AFA-44C7-63CA94B91628" value="true"/>
</engineerTo>
<adequatelyNormalized>NO</adequatelyNormalized>
<expectedVolumes>0</expectedVolumes>
<fwdEngineeringStrategyName>Single Table</fwdEngineeringStrategyName>
<growthPercent>0</growthPercent>
<growthType>Year</growthType>
<maxVolumes>9999999</maxVolumes>
<minVolumes>0</minVolumes>
<normalForm>Third</normalForm>
<attributes itemClass="oracle.dbtools.crest.model.design.logical.Attribute">
<Attribute name="id" id="CE0D1C63-E2F9-012F-3955-78F6A0445F91">
<createdBy>SD Student</createdBy>
<createdTime>2022-12-13 10:47:16 UTC</createdTime>
<ownerDesignName>erd</ownerDesignName>
<engineerTo>
<item key="7770CD89-AA2A-1AFA-44C7-63CA94B91628" value="true"/>
</engineerTo>
<useDomainConstraints>false</useDomainConstraints>
<use>1</use>
<logicalDatatype>LOGDT011</logicalDatatype>
<ownDataTypeParameters>,,</ownDataTypeParameters>
</Attribute>
<Attribute name="name" id="011E79F0-E516-E09A-EE51-710BAD586EB8">
<createdBy>SD Student</createdBy>
<createdTime>2022-12-13 10:48:25 UTC</createdTime>
<ownerDesignName>erd</ownerDesignName>
<engineerTo>
<item key="7770CD89-AA2A-1AFA-44C7-63CA94B91628" value="true"/>
</engineerTo>
<nullsAllowed>true</nullsAllowed>
<useDomainConstraints>false</useDomainConstraints>
<use>1</use>
<logicalDatatype>LOGDT024</logicalDatatype>
<dataTypeSize>255 CHAR</dataTypeSize>
<ownDataTypeParameters>255 CHAR,,</ownDataTypeParameters>
</Attribute>
<Attribute name="image" id="CE4F7603-C1D2-54B5-373F-0575F9E065F3">
<createdBy>SD Student</createdBy>
<createdTime>2022-12-13 10:48:25 UTC</createdTime>
<ownerDesignName>erd</ownerDesignName>
<engineerTo>
<item key="7770CD89-AA2A-1AFA-44C7-63CA94B91628" value="true"/>
</engineerTo>
<nullsAllowed>true</nullsAllowed>
<useDomainConstraints>false</useDomainConstraints>
<use>1</use>
<logicalDatatype>LOGDT024</logicalDatatype>
<dataTypeSize>255 CHAR</dataTypeSize>
<ownDataTypeParameters>255 CHAR,,</ownDataTypeParameters>
</Attribute>
</attributes>
<identifiers itemClass="oracle.dbtools.crest.model.design.logical.CandidateKey">
<identifier id="7AB318A6-0A10-139C-FEC2-D1B64D223B35" name="Sport_PK">
<createdBy>SD Student</createdBy>
<createdTime>2022-12-13 10:51:57 UTC</createdTime>
<ownerDesignName>erd</ownerDesignName>
<shouldEngineer>false</shouldEngineer>
<engineerTo>
<item key="7770CD89-AA2A-1AFA-44C7-63CA94B91628" value="false"/>
</engineerTo>
<pk>true</pk>
<usedAttributes>
<attributeRef>CE0D1C63-E2F9-012F-3955-78F6A0445F91</attributeRef>
</usedAttributes>
</identifier>
</identifiers>
</Entity>
