<?xml version = '1.0' encoding = 'UTF-8'?>
<Entity class="oracle.dbtools.crest.model.design.logical.Entity" directorySegmentName="seg_0" id="DE816E3A-E731-7C50-57E5-BB7E8226EB6D" name="Lesson">
<createdBy>SD Student</createdBy>
<createdTime>2022-12-13 10:51:08 UTC</createdTime>
<ownerDesignName>erd</ownerDesignName>
<engineerTo>
<item key="7770CD89-AA2A-1AFA-44C7-63CA94B91628" value="true"/>
</engineerTo>
<adequatelyNormalized>NO</adequatelyNormalized>
<expectedVolumes>0</expectedVolumes>
<fwdEngineeringStrategyName>Single Table</fwdEngineeringStrategyName>
<growthPercent>0</growthPercent>
<growthType>Year</growthType>
<maxVolumes>9999999</maxVolumes>
<minVolumes>0</minVolumes>
<normalForm>Third</normalForm>
<attributes itemClass="oracle.dbtools.crest.model.design.logical.Attribute">
<Attribute name="id" id="6D0F1028-8DB3-CB48-22EC-E599DF201504">
<createdBy>SD Student</createdBy>
<createdTime>2022-12-13 10:51:17 UTC</createdTime>
<ownerDesignName>erd</ownerDesignName>
<engineerTo>
<item key="7770CD89-AA2A-1AFA-44C7-63CA94B91628" value="true"/>
</engineerTo>
<useDomainConstraints>false</useDomainConstraints>
<use>1</use>
<logicalDatatype>LOGDT011</logicalDatatype>
<ownDataTypeParameters>,,</ownDataTypeParameters>
</Attribute>
<Attribute name="time" id="1EE03BB8-E353-9BAD-0ADE-92D24538A4CB">
<createdBy>SD Student</createdBy>
<createdTime>2022-12-13 10:54:11 UTC</createdTime>
<ownerDesignName>erd</ownerDesignName>
<engineerTo>
<item key="7770CD89-AA2A-1AFA-44C7-63CA94B91628" value="true"/>
</engineerTo>
<useDomainConstraints>false</useDomainConstraints>
<use>1</use>
<logicalDatatype>LOGDT008</logicalDatatype>
<ownDataTypeParameters>,,</ownDataTypeParameters>
</Attribute>
<Attribute name="Sport id" id="D1AB6758-EDF2-BD70-DFE3-80A82082ED6A">
<createdBy>SD Student</createdBy>
<createdTime>2022-12-13 11:01:33 UTC</createdTime>
<generatorID>8430CD9E-9779-41A8-F355-3CD438178975</generatorID>
<ownerDesignName>erd</ownerDesignName>
<engineerTo>
<item key="7770CD89-AA2A-1AFA-44C7-63CA94B91628" value="true"/>
</engineerTo>
<referedAttribute>CE0D1C63-E2F9-012F-3955-78F6A0445F91</referedAttribute>
<useDomainConstraints>false</useDomainConstraints>
<use>1</use>
<logicalDatatype>LOGDT011</logicalDatatype>
<ownDataTypeParameters>,,</ownDataTypeParameters>
</Attribute>
<Attribute name="user id" id="968A4192-F5E6-36A9-CAA6-A89E22B1BA73">
<createdBy>SD Student</createdBy>
<createdTime>2022-12-13 11:13:35 UTC</createdTime>
<generatorID>6C814E0A-683B-A9AE-F63A-C947CE6911CF</generatorID>
<ownerDesignName>erd</ownerDesignName>
<engineerTo>
<item key="7770CD89-AA2A-1AFA-44C7-63CA94B91628" value="true"/>
</engineerTo>
<referedAttribute>44667AE5-2F76-B379-A8F6-58B6905787EA</referedAttribute>
<useDomainConstraints>false</useDomainConstraints>
<use>1</use>
<logicalDatatype>LOGDT011</logicalDatatype>
<ownDataTypeParameters>,,</ownDataTypeParameters>
</Attribute>
</attributes>
<identifiers itemClass="oracle.dbtools.crest.model.design.logical.CandidateKey">
<identifier id="E9EAC528-5C69-C5AF-1293-B0701B4BC86B" name="Lesson_PK">
<createdBy>SD Student</createdBy>
<createdTime>2022-12-13 10:54:08 UTC</createdTime>
<ownerDesignName>erd</ownerDesignName>
<shouldEngineer>false</shouldEngineer>
<engineerTo>
<item key="7770CD89-AA2A-1AFA-44C7-63CA94B91628" value="false"/>
</engineerTo>
<pk>true</pk>
<usedAttributes>
<attributeRef>6D0F1028-8DB3-CB48-22EC-E599DF201504</attributeRef>
</usedAttributes>
</identifier>
</identifiers>
</Entity>
