<?xml version = '1.0' encoding = 'UTF-8'?>
<Diagram class="oracle.dbtools.crest.swingui.relational.DPVRelational" name="Relational_1" id="62AA8364-0C89-4455-FF24-9C163567AE76">
<createdBy>SD Student</createdBy>
<modifiedBy>SD Student</modifiedBy>
<createdTime>2022-12-13 11:12:06 UTC</createdTime>
<autoRoute>false</autoRoute>
<boxInbox>true</boxInbox>
<showLegend>false</showLegend>
<showLabels>false</showLabels>
<showRelAttributes>false</showRelAttributes>
<gridEnabled>false</gridEnabled>
<showGrid>false</showGrid>
<diagramColor>-1</diagramColor>
<display>false</display>
<notation>1</notation>
<objectViews>
<OView class="oracle.dbtools.crest.swingui.relational.TVTable" oid="5172A446-65A0-1120-F4DD-24B0E379D188" otype="Table" vid="2F9BBA3C-1CA0-3D4A-70CD-DB32658E1A40">
<hideElementsInCurrentOnly>false</hideElementsInCurrentOnly>
<bounds x="330" y="441" width="203" height="142"/>
</OView>
<OView class="oracle.dbtools.crest.swingui.relational.TVTable" oid="837D41A5-D840-0660-9123-4336A7144FF0" otype="Table" vid="7560EC41-AB80-4ECF-3AD8-E906DF8FAB3F">
<hideElementsInCurrentOnly>false</hideElementsInCurrentOnly>
<bounds x="295" y="36" width="298" height="330"/>
</OView>
<OView class="oracle.dbtools.crest.swingui.relational.TVTable" oid="C231E80F-1634-A4A7-6D88-82A22D5AF790" otype="Table" vid="B34AF60C-7484-B7F2-C88F-1A638D0129EA">
<hideElementsInCurrentOnly>false</hideElementsInCurrentOnly>
<bounds x="677" y="436" width="159" height="121"/>
</OView>
<OView class="oracle.dbtools.crest.swingui.relational.TVTable" oid="C24CB7B9-49B6-820E-F2E8-69DD9BC4300B" otype="Table" vid="0E811943-2DF3-CBDA-36EC-3F8BD3C2A40B">
<hideElementsInCurrentOnly>false</hideElementsInCurrentOnly>
<bounds x="653" y="213" width="206" height="91"/>
</OView>
</objectViews>
<connectors>
<Connector class="oracle.dbtools.crest.swingui.relational.TVFKRelation" oid="3E729CD7-9103-77A5-704F-560142AD30C5" otype="FKIndexAssociation" vid_source="B34AF60C-7484-B7F2-C88F-1A638D0129EA" vid_target="2F9BBA3C-1CA0-3D4A-70CD-DB32658E1A40">
<hideElementsInCurrentOnly>false</hideElementsInCurrentOnly>
<backgroundColor>-16777216</backgroundColor>
<lineWidth>1</lineWidth>
<points>
<point x="677" y="499"/>
<point x="533" y="499"/>
</points>
</Connector>
<Connector class="oracle.dbtools.crest.swingui.relational.TVFKRelation" oid="717E69AA-4CB0-C4A4-C978-56A20F0E8174" otype="FKIndexAssociation" vid_source="2F9BBA3C-1CA0-3D4A-70CD-DB32658E1A40" vid_target="7560EC41-AB80-4ECF-3AD8-E906DF8FAB3F">
<hideElementsInCurrentOnly>false</hideElementsInCurrentOnly>
<backgroundColor>-16777216</backgroundColor>
<lineWidth>1</lineWidth>
<points>
<point x="431" y="441"/>
<point x="431" y="366"/>
</points>
</Connector>
<Connector class="oracle.dbtools.crest.swingui.relational.TVFKRelation" oid="D40C67AE-5CA1-3589-139A-E1B3F46F93DB" otype="FKIndexAssociation" vid_source="7560EC41-AB80-4ECF-3AD8-E906DF8FAB3F" vid_target="2F9BBA3C-1CA0-3D4A-70CD-DB32658E1A40">
<hideElementsInCurrentOnly>false</hideElementsInCurrentOnly>
<backgroundColor>-16777216</backgroundColor>
<lineWidth>1</lineWidth>
<points>
<point x="446" y="366"/>
<point x="446" y="441"/>
</points>
</Connector>
<Connector class="oracle.dbtools.crest.swingui.relational.TVFKRelation" oid="F46EC33B-3231-0AF5-D752-E85894217720" otype="FKIndexAssociation" vid_source="0E811943-2DF3-CBDA-36EC-3F8BD3C2A40B" vid_target="B34AF60C-7484-B7F2-C88F-1A638D0129EA">
<hideElementsInCurrentOnly>false</hideElementsInCurrentOnly>
<backgroundColor>-16777216</backgroundColor>
<lineWidth>1</lineWidth>
<points>
<point x="756" y="304"/>
<point x="756" y="436"/>
</points>
</Connector>
</connectors>
</Diagram>
